<keymap version="1" name="VSCode copy" parent="VSCode">
  <action id="ActivateBookmarksToolWindow" />
  <action id="ActivateCommitToolWindow">
    <keyboard-shortcut first-keystroke="shift ctrl g" />
  </action>
  <action id="ActivateFindToolWindow" />
  <action id="ActivateVersionControlToolWindow" />
  <action id="EditorDeleteLine">
    <keyboard-shortcut first-keystroke="shift ctrl k" />
    <keyboard-shortcut first-keystroke="alt d" />
  </action>
  <action id="Git.Branches">
    <keyboard-shortcut first-keystroke="shift back_quote" />
  </action>
  <action id="GoToTab1">
    <keyboard-shortcut first-keystroke="alt 1" />
  </action>
  <action id="GoToTab2">
    <keyboard-shortcut first-keystroke="alt 2" />
  </action>
  <action id="GoToTab3">
    <keyboard-shortcut first-keystroke="alt 3" />
  </action>
  <action id="GoToTab4">
    <keyboard-shortcut first-keystroke="alt 4" />
  </action>
  <action id="NextSplitter">
    <keyboard-shortcut first-keystroke="ctrl k" second-keystroke="ctrl right" />
    <keyboard-shortcut first-keystroke="ctrl alt left" />
  </action>
  <action id="PinActiveTab">
    <keyboard-shortcut first-keystroke="alt 5" />
  </action>
  <action id="SurroundWithEmmet">
    <keyboard-shortcut first-keystroke="shift alt 4" />
  </action>
  <action id="Terminal.OpenInTerminal">
    <keyboard-shortcut first-keystroke="shift ctrl f1" />
  </action>
</keymap>